name,country,industry,pred_e,pred_s,pred_g,signals_count,metadata_source,resolved_country,ok,error,truth_e,truth_s,truth_g,truth_total
Yihai Kerry Arawana,CHN,Food and Beverage,63.17,75.33,58.46,7,wikidata,CHN,True,,-4.051487086616726,3.4710123738471363,,29.543878367564684
CRH,IRL,Construction and Building Materials,79.02,72.36,62.69,13,wikidata,IRL,True,,-5.2114195832272685,2.5353230973786864,,13.459589223793012
Petronas,MYS,Energy and Environmental,66.89,62.089999999999996,52.06,10,wikidata,MYS,True,,-8.282262906641485,3.363209491069309,,9.293144838623633
Marathon Petroleum,USA,Energy and Environmental,59.90489670198389,60.28999999999999,57.76,12,wikidata,USA,True,,-8.065344303061604,2.4067995423798654,,4.5238730328087495
Morgan Stanley,USA,Financial Services,72.915,74.57,50.03999999999999,14,wikidata,USA,True,,-0.5357194831953487,1.1748772250352728,,31.24566551080288
Sanofi,FRA,Pharmaceuticals and Biotechnology,91.3,73.2,55.06,10,wikidata,FRA,True,,-2.4086260880947012,9.23832711118869,,84.69991997866097
Caterpillar,USA,Construction and Building Materials,66.98,75.32,65.95,15,wikidata,USA,True,,-4.253281595051617,2.669744529228763,,20.30408108829021
Sumitomo Mitsui Financial,JPN,Banks,69.59,83.61,60.669999999999995,10,wikidata,JPN,True,,-1.0527052237246037,1.9987489896129678,,45.24939983995732
Imperial Brands,GBR,Consumer Product Manufacturing,82.185,69.73,55.769999999999996,11,wikidata,GBR,True,,-2.4305789152371533,-31.95805297992211,,0.08002133902373967
Pacific Construction,CHN,Construction and Building Materials,59.57,66.69,59.5,11,wikidata,CHN,True,,-3.778486030659767,4.25554705683402,,50.306748466257666
Talanx,DEU,Insurance,76.36999999999999,81.88,58.27,10,wikidata,DEU,True,,-0.6335597208738754,1.5123876173135182,,31.624433182181917
Tata Motors,IND,Automotive,67.97,63.44,37.98,10,wikidata,IND,True,,-6.350541253453025,2.9415507718409946,,14.974659909309148
Japan Post Insurance,JPN,Insurance,73.64,70.56,58.629999999999995,8,wikidata,JPN,True,,-0.36380456485333923,2.418683895186714,,61.39237129901307
China Telecommunications,CHN,Telecommunications,59.57,75.33,55.02,9,wikidata,CHN,True,,-0.9440032587357519,2.4226486071498607,,77.20458789010402
Equinor,NOR,Energy and Environmental,86.71,85.98,53.165000000000006,12,wikidata,NOR,True,,-7.110197076080402,2.8801626001080773,,11.357695385436116
Allianz,DEU,Insurance,79.72999999999999,81.88,67.61,11,wikidata,DEU,True,,-0.5448441092652664,1.624640401860483,,38.81568418244865
Jiangsu Shagang,CHN,Industrial Manufacturing and Services,69.97,75.33,62.38,6,wikidata,CHN,True,,-5.499801838099177,1.2089955117954811,,4.097092558015471
Rewe Gruppe,DEU,Retail,72.77,77.08,58.05500000000001,5,,DEU,True,,-3.718940261004889,2.5060244510798855,,25.61216324353161
T-Mobile US,USA,Telecommunications,71.88000000000001,74.57,55.459999999999994,7,wikidata,USA,True,,-1.58627490230659,1.977162295968602,,61.56308348893038
China Huaneng,CHN,Energy and Environmental,63.09,75.33,57.06,6,wikidata,CHN,True,,-3.9402283166515195,4.20079747886642,,38.63963723659643
Prudential Financial,USA,Insurance,72.275,74.57,56.8,15,wikidata,USA,True,,-0.35437696037466737,1.6839754615278861,,44.689250466791144
Hyundai Mobis,KOR,Automotive,77.81,79.03,67.97,6,wikidata,KOR,True,,-2.205168037236653,3.1856256642428358,,51.06428380901574
PetroChina,CHN,Energy and Environmental,58.83031263548861,71.55,48.97,8,wikidata,CHN,True,,-7.514485900729263,1.6836249567736306,,3.4035742864763936
Traton,DEU,Automotive,75.17,87.64,58.63,8,wikidata,DEU,True,,-5.301817026284737,3.127286582290611,,21.333688983728994
Hitachi,JPN,Holding Companies,84.26,86.67,64.445,9,wikidata,JPN,True,,-1.5731151800093617,3.724242401621396,,71.27767404641237
Cigna,USA,Insurance,72.72,74.57,58.56999999999999,11,wikidata,USA,True,,-1.1645304095780313,5.70739908637579,,88.39690584155775
China Construction Bank,CHN,Banks,63.17,75.33,50.14,7,gleif,CHN,True,,-0.622055279568388,1.8198646893916237,,45.15870898906375
Charter Communications,USA,Telecommunications,70.26,69.77,60.19,8,gleif,USA,True,,-1.0135810202213889,1.6925254182145015,,66.56174979994665
Koc Holding,TUR,Holding Companies,82.86500000000001,71.03,49.65,7,gleif,TUR,True,,-5.843834007409888,2.9884780580414874,,13.827687383302214
Centene,USA,Hospitals and Healthcare,70.72,74.57,65.485,13,wikidata,USA,True,,-0.4927143841247808,2.3679305572464013,,71.69378500933583
Audi,DEU,Automotive,71.86999999999999,70.96,71.31,10,gleif,DEU,True,,-5.791094940825996,2.7867443204135873,,15.134702587356626
PepsiCo,USA,Food and Beverage,71.25,67.00999999999999,58.36,12,wikidata,USA,True,,-4.052789627050593,-0.3036584211692843,,4.038410242731396
State Farm,USA,Financial Services,63.06,74.57,54.849999999999994,9,wikidata,USA,True,,-0.6660140573671324,1.9940114765526054,,49.938650306748464
Merck & Co,USA,Pharmaceuticals and Biotechnology,66.96000000000001,68.27,56.489999999999995,11,wikidata,USA,True,,-2.468555444714393,10.435212348490198,,86.06561749799947
Peugeot,FRA,Automotive,73.80499999999999,80.76,52.7,9,wikidata,FRA,True,,-5.978325709262312,2.3152233987381696,,10.28007468658309
China Railway,CHN,Construction and Building Materials,66.37,75.33,59.5,9,wikidata,CHN,True,,-4.947741587370044,4.2263997408245135,,30.69085089357162
Cargill,USA,Holding Companies,72.56,74.57,66.52,10,wikidata,USA,True,,-3.739015468615549,2.66996500399918,,26.59375833555615
Swiss Re,CHE,Insurance,76.37,82.24,67.14,10,wikidata,CHE,True,,-0.6014359632577988,0.9028505137415728,,14.659909309149105
Jerónimo Martins,PRT,Retail,77.06,72.58,58.34,8,wikidata,PRT,True,,-3.704797703520236,1.86535918277416,,20.426780474793276
Aluminum Corp. of China,CHN,,59.57,75.33,59.5,7,name_inference,CHN,True,,-5.330187865720131,1.6247891427461856,,8.775673512936784
Metallurgical Corporation of China,CHN,Construction and Building Materials,59.57,60.739999999999995,59.5,7,wikidata,CHN,True,,-5.455954708756272,4.785471555223553,,30.760202720725527
BNP Paribas,FRA,Banks,75.05,80.76,59.11,13,wikidata,FRA,True,,-0.7873490898763009,1.9248693987475025,,42.69938650306748
China Communications Construction,CHN,Construction and Building Materials,59.57,63.45,59.5,9,wikidata,CHN,True,,-3.976533598448491,3.4215768612966153,,35.348092824753266
CRRC,CHN,Transportation,59.57,59.489999999999995,63.46,8,wikidata,CHN,True,,-3.0105422670317608,4.03624335895571,,49.27714057081889
Pertamina,IDN,Energy and Environmental,64.15,62.17,30.7,5,wikidata,IDN,True,,-7.731396861213591,2.620243981785989,,7.393971725793545
Schneider Electric,FRA,Energy and Environmental,75.05,80.76,62.71,8,wikidata,FRA,True,,-1.304669846583828,3.9211636122616724,,74.1210989597226
Rio Tinto,GBR,Mining and Metals,71.67,78.37,64.02,9,wikidata,GBR,True,,-5.396403008009254,0.7964113818225342,,2.6513736996532407
Kia Motors,KOR,Automotive,70.85,86.23,62.17,6,wikidata,KOR,True,,-4.587975331228551,3.9839170615961845,,32.07255268071486
SAP,DEU,Computer Software,72.77,81.88,62.95,8,wikidata,DEU,True,,-0.6530980380219692,1.7241002204614455,,70.79221125633502
China Baowu Steel,CHN,Mining and Metals,59.57,75.33,59.5,7,wikidata,CHN,True,,-4.332211741889966,1.4588434886815538,,7.698052814083756
Lithia Motors,USA,Retail,71.16000000000001,74.57,69.03999999999999,8,wikidata,USA,True,,-5.591790960717417,2.958746844763032,,15.950920245398773
Pinduoduo,IRL,Retail,71.55,79.56,53.415,8,wikidata,IRL,True,,-1.3160990452808061,1.7913294450520987,,35.41210989597226
Elevance Health,USA,Insurance,65.76,74.57,69.39999999999999,13,wikidata,USA,True,,-0.777651831219957,3.7029453950359765,,80.69885302747399
Munich Re,DEU,Insurance,70.52,81.88,71.05,9,wikidata,DEU,True,,-1.0402724387505324,1.4010977457342295,,20.640170712189917
State Grid Corporation of China,CHN,Energy and Environmental,59.57,75.33,59.5,12,wikidata,CHN,True,,-0.38224261221656786,5.596492890906472,,81.88850360096026
China Railway Construction,CHN,Construction and Building Materials,59.57,75.33,59.5,8,wikidata,CHN,True,,-3.2795198689192246,4.304461009469851,,52.771405708188844
Unilever,GBR,Consumer Product Manufacturing,71.67,78.37,64.02,14,wikidata,GBR,True,,-3.163677271605536,2.6616152369320725,,31.197652707388634
Roche,CHE,Pharmaceuticals and Biotechnology,76.37,82.24,67.14,8,wikidata,CHE,True,,-2.1162106546927353,6.610153372288086,,77.65804214457188
Netflix,USA,Media,65.76,74.57,66.52,14,wikidata,USA,True,,-1.1585270778483134,1.061650735597534,,36.820485462790074
Yango Longking,CHN,Holding Companies,59.57,75.33,59.5,2,,CHN,True,,-1.3207896716517518,3.2594811796101615,,84.52387303280875
