name,country,industry,pred_e,pred_s,pred_g,spread_e,spread_s,spread_g,gate_e,gate_s,gate_g,low_e,low_s,low_g,high_e,high_s,high_g,claims_dropped,claims_capped,signals_count,metadata_source,resolved_country,ok,error,truth_e,truth_s,truth_g,truth_total
Print & Pack LLC,United States,Printing & recorded media,54.47830920090256,71.0702763007004,62.83473412217219,12.863419629796326,35.38108926523627,24.20428202294798,range,range,range,43.0,43.0,43.0,59.863419629796326,82.38108926523627,71.20428202294798,0,0,7,gleif,United States,True,,29.6,15.35,19.8,89.3
Copastur Turismo,Brazil,Other personal services,64.06227801400134,64.64003355706697,50.12222156134758,12.4104102851841,13.201622309677916,10.370535939702677,range,range,range,53.0,53.0,45.62946406029732,69.4104102851841,70.20162230967792,60.0,0,0,8,,Brazil,True,,6.5,18.666666666666668,17.7,91.2
Generativa Società Benefit a Responsabilità Limitata,Italy,Management consultant - for-profits,64.04,65.94139534883722,51.54418604651163,29.239999999999995,32.16,10.049999999999997,range,range,range,43.0,43.0,43.0,76.24,79.16,57.05,0,0,8,,Italy,True,,5.0,21.3,19.5,94.1
MW Enterprises LLC,United States,Real estate development,55.26778288511308,76.1146612292623,65.73474562261872,9.863419629796326,32.34073914964716,14.204282022947979,range,range,range,46.0,48.0,53.0,59.863419629796326,84.34073914964716,71.20428202294798,5,0,11,,United States,True,,41.0,37.36666666666667,15.0,179.4
Real Thread,United States,Printing & recorded media,54.47830920090256,71.0702763007004,62.83473412217219,12.863419629796326,35.38108926523627,24.20428202294798,range,range,range,43.0,43.0,43.0,59.863419629796326,82.38108926523627,71.20428202294798,0,0,11,gleif,United States,True,,24.5,13.033333333333333,15.5,80.9
Coo-Mon Accessoires et Cultures,Canada,Apparel,72.60852865940744,68.27570946636921,55.2404399637077,31.871966870566666,24.802748561501062,13.387858196959385,range,range,range,46.0,48.0,43.0,81.87196687056667,76.80274856150106,60.387858196959385,0,0,4,,Canada,True,,9.9,35.95,7.3,98.5
Zero Carbon Logistics S.A.,Brazil,Other transport equipment,61.3231494515725,61.031672439525195,46.01115237914918,18.245495308064804,19.215787872847315,5.493105228588533,range,range,range,46.0,45.0,40.0,68.2454953080648,68.21578787284732,49.49310522858853,0,0,6,,Brazil,True,,22.6,20.3,20.0,128.2
Gravning GmbH,Germany,Management consultant - for-profits,63.082790697674426,70.06139534883721,56.381009398307626,27.769999999999996,33.879999999999995,20.950000000000003,range,range,range,43.0,46.0,40.0,74.77,83.88,64.95,1,0,8,name_inference,Germany,True,,16.8,20.1,19.6,101.2
Fauve,Canada,Management consultant - for-profits,63.29767441860466,66.84651162790698,56.974883720930244,28.099999999999994,33.55,18.39,range,range,range,43.0,43.0,43.0,75.1,80.55,65.39,0,0,8,gleif,Canada,True,,5.6,19.3,16.7,88.6
SUPERBOL S.R.L.,Argentina,Rubber & plastics products,75.46995462594307,60.73399698666257,40.666711788775324,0.6377955637798891,0.9961387676134876,0.8775044172580095,range,range,range,73.0,58.0,38.0,77.63779556377989,62.99613876761349,42.87750441725801,3,0,8,,Argentina,True,,37.0,13.200000000000001,15.1,99.3
Latitude Trade Company Ltd,Uganda,Agricultural Processing,62.79441860465116,42.91627906976745,36.38511627906977,22.72,3.200000000000003,13.23,range,range,range,46.0,39.8,29.77,72.72,47.0,47.0,0,0,3,,Uganda,True,,23.2,18.433333333333334,7.8,95.6
Brighton Jones,United States,Investment advising,58.51813953488373,67.7432558139535,63.05039916472572,20.760000000000005,19.569999999999993,11.519999999999996,range,range,range,43.0,53.0,53.0,67.76,76.57,68.52,0,0,4,gleif,United States,True,,7.3,27.400000000000002,10.1,103.5
Neeta Social,Mexico,Management consultant - for-profits,62.893953488372105,56.94232558139536,43.4046511627907,27.480000000000004,18.340000000000003,2.450000000000003,range,range,range,43.0,43.0,40.55,74.48,65.34,47.0,0,0,7,,Mexico,True,,6.5,22.866666666666664,16.6,108.6
One50studio Limited,United Kingdom,Architecture design & planning,62.36651162790699,66.7293023255814,57.38511627906977,26.67,33.370000000000005,19.019999999999996,range,range,range,43.0,43.0,43.0,73.67,80.37,66.02,0,0,6,,United Kingdom,True,,27.0,16.366666666666667,19.5,104.4
Reheat,United Kingdom,Other renewable energy installation,62.21776664979284,69.94446642705553,60.986552958189215,23.579010485923206,34.16040229912039,21.892914888554685,range,range,range,43.0,43.0,43.0,70.5790104859232,81.16040229912039,68.89291488855469,0,0,14,,United Kingdom,True,,23.2,16.23333333333333,13.5,88.7
FlipGive,Canada,Other info service activities,63.60342156318881,70.82192019483817,56.96143690607191,25.476606869785655,31.25366410918724,13.641770738364492,range,range,range,43.0,46.0,45.0,72.47660686978566,81.25366410918724,62.64177073836449,0,0,9,gleif,Canada,True,,5.7,19.900000000000002,18.0,87.4
Bedaffair,Netherlands The,Furniture,66.98046511627908,58.698604651162796,47.28159264316119,10.719999999999999,5.68,3.8900000000000006,range,range,range,58.0,53.0,44.11,72.72,62.68,52.0,0,0,8,,Netherlands The,True,,42.7,11.966666666666667,14.6,102.9
KAZARÓ,Argentina,Facilities & cleaning services,61.936744186046525,59.35162790697676,46.732093023255814,26.010000000000005,22.040000000000006,2.6599999999999966,range,range,range,43.0,43.0,43.0,73.01,69.04,49.66,1,0,6,,Argentina,True,,10.4,15.233333333333334,14.9,87.3
A Better Professional Corporation,United States,Legal activities,55.03885160325601,71.52988874783864,62.89626566886952,13.747786924656012,36.331571782754395,24.508186482491254,range,range,range,43.0,43.0,43.0,60.74778692465601,83.3315717827544,71.50818648249125,0,0,1,,United States,True,,7.7,23.866666666666664,15.4,98.6
sterling quality services ltd (SQS),United Kingdom,Other renewable energy installation,66.00495849252768,74.53079736230734,63.68439468480792,10.579010485923206,17.160402299120392,11.892914888554685,range,range,range,56.0,60.0,53.0,70.5790104859232,81.16040229912039,68.89291488855469,0,0,4,,United Kingdom,True,,10.5,16.7,17.1,89.1
"Fire Capital Management, LLC",United States,Investment advising,58.51813953488373,64.25488372093024,59.013023255813955,20.760000000000005,29.569999999999993,21.519999999999996,range,range,range,43.0,43.0,43.0,67.76,76.57,68.52,0,0,9,,United States,True,,3.5,29.133333333333336,18.2,114.9
"Hawaiian Paddle Sports, LLC",United States,Other recreation,63.27430611796983,76.6506914008803,70.28934637838344,6.4716398975585605,0.4783635002722946,1.6595475114812928,range,range,point,59.52836010244144,74.5216364997277,67.0,70.0,79.0,72.65954751148129,0,0,5,,United States,True,,8.9,21.96666666666667,18.8,98.1
Summerhill,Canada,Environmental consulting,61.38814417502364,73.1175228285983,59.024295702215866,22.24105280896066,38.159495267383406,19.03297273872154,range,range,range,43.0,43.0,43.0,69.24105280896066,85.1594952673834,66.03297273872154,0,0,11,gleif,Canada,True,,30.2,13.566666666666668,16.2,90.1
WildWash,United Kingdom,Personal care products,72.83162790697676,66.7293023255814,59.12930232558139,3.3299999999999983,33.370000000000005,14.019999999999996,range,range,range,69.67,43.0,48.0,77.0,80.37,66.02,2,0,8,wikidata,United Kingdom,True,,21.7,11.966666666666667,15.7,81.2
Tenzing,United Kingdom,Equity investing - Developed Markets,69.57858389912705,67.77581395348838,59.82697674418605,6.670000000000002,30.370000000000005,12.019999999999996,range,range,range,63.0,46.0,50.0,73.67,80.37,66.02,4,0,10,gleif,United Kingdom,True,,8.1,22.933333333333334,19.7,101.4
Studio Tre SB S.p.A.,Italy,"Other professional, scientific & tech",65.96095909159844,67.6486468135432,58.462960526068315,28.705155800317073,37.86366410918724,11.140886605956602,range,range,range,43.0,38.0,48.0,75.70515580031707,79.86366410918724,63.1408866059566,1,0,8,,Italy,True,,8.3,16.0,18.9,83.1
ATREVIA COMUNICACIÓN S.L.U.,Spain,Other info service activities,66.42659627753629,69.84315813438135,57.22626930453673,22.945086863860226,30.51107802897714,10.093836488876711,range,range,range,48.0,46.0,48.0,74.94508686386023,80.51107802897714,62.09383648887671,1,0,8,,Spain,True,,9.5,17.033333333333335,18.0,88.5
Vestd,United Kingdom,"Other professional, scientific & tech",62.21776664979284,71.29338729036489,65.23607040217047,23.579010485923206,29.160402299120392,6.892914888554685,range,range,range,43.0,48.0,58.0,70.5790104859232,81.16040229912039,68.89291488855469,0,0,10,wikidata,United Kingdom,True,,4.6,16.2,18.9,80.1
Fearne and Rosie,United Kingdom,Food products,65.44126062409875,70.14751306688628,64.92510545200322,27.993450509849524,26.62609084092361,0.0985933544256028,range,range,range,43.0,48.0,62.9014066455744,74.99345050984952,78.62609084092361,67.0,1,0,10,,United Kingdom,True,,9.6,19.5,15.0,93.4
Inntravel Limited,United Kingdom,Travel agency & related,67.55286081439242,67.77581395348838,63.41161513131475,13.670000000000002,30.370000000000005,2.019999999999996,range,range,range,56.0,46.0,60.0,73.67,80.37,66.02,0,0,8,gleif,United Kingdom,True,,14.0,18.7,17.7,91.7
