name,country,industry,pred_e,pred_s,pred_g,spread_e,spread_s,spread_g,signals_count,metadata_source,resolved_country,ok,error,truth_e,truth_s,truth_g,truth_total
Print & Pack LLC,United States,Printing & recorded media,54.47830920090256,71.0702763007004,62.83473412217219,12.863419629796326,35.38108926523627,24.20428202294798,7,gleif,United States,True,,29.6,15.35,19.8,89.3
Copastur Turismo,Brazil,Other personal services,64.06227801400134,65.98895442037633,48.816184526676466,12.4104102851841,8.201622309677916,1.4540962697389048,10,,Brazil,True,,6.5,18.666666666666668,17.7,91.2
MW Enterprises LLC,United States,Real estate development,57.17390421133256,73.70185524806882,66.2227635551947,2.8634196297963257,25.38108926523627,7.584204106178959,10,,United States,True,,41.0,37.36666666666667,15.0,179.4
Real Thread,United States,Printing & recorded media,58.42567762195519,73.70185524806882,65.4663130695406,2.1365803702036743,25.38108926523627,14.204282022947979,10,gleif,United States,True,,24.5,13.033333333333333,15.5,80.9
Gravning GmbH,Germany,Management consultant - for-profits,64.12930232558139,72.50325581395349,58.43255813953489,24.769999999999996,26.879999999999995,12.950000000000003,10,name_inference,Germany,True,,16.8,20.1,19.6,101.2
Generativa Società Benefit a Responsabilità Limitata,Italy,Management consultant - for-profits,64.04,65.94139534883722,51.82746900384779,29.239999999999995,32.16,10.049999999999997,8,,Italy,True,,5.0,21.3,19.5,94.1
Coo-Mon Accessoires et Cultures,Canada,Apparel,73.3147869918077,69.59149894005341,54.86473761881217,24.85578234602474,19.802748561501062,13.387858196959385,3,,Canada,True,,9.9,35.95,7.3,98.5
SUPERBOL S.R.L.,Argentina,Rubber & plastics products,76.2594283101536,59.418207512978356,43.02215731897468,2.362204436220111,5.996138767613488,9.12249558274199,8,,Argentina,True,,37.0,13.200000000000001,15.1,99.3
Zero Carbon Logistics S.A.,Brazil,Other transport equipment,61.3231494515725,61.031672439525195,47.09028906979667,18.245495308064804,19.215787872847315,1.493105228588533,5,,Brazil,True,,22.6,20.3,20.0,128.2
Fauve,Canada,Management consultant - for-profits,64.34418604651162,67.89302325581396,58.02139534883722,25.099999999999994,30.549999999999997,15.39,8,gleif,Canada,True,,5.6,19.3,16.7,88.6
Brighton Jones,United States,Investment advising,59.5646511627907,76.89568945087065,60.75720930232558,17.760000000000005,20.701072665743993,16.519999999999996,3,gleif,United States,True,,7.3,27.400000000000002,10.1,103.5
One50studio Limited,United Kingdom,Architecture design & planning,62.36651162790699,66.7293023255814,57.38511627906977,26.67,33.370000000000005,19.019999999999996,6,,United Kingdom,True,,27.0,16.366666666666667,19.5,104.4
Latitude Trade Company Ltd,Uganda,Agricultural Processing,68.7246511627907,40.47441860465116,30.454883720930233,5.719999999999999,3.799999999999997,3.7699999999999996,3,,Uganda,True,,23.2,18.433333333333334,7.8,95.6
Reheat,United Kingdom,Other renewable energy installation,62.21776664979284,69.94446642705553,60.986552958189215,23.579010485923206,34.16040229912039,21.892914888554685,14,,United Kingdom,True,,23.2,16.23333333333333,13.5,88.7
Neeta Social,Mexico,Management consultant - for-profits,63.523803233095784,67.40744186046513,41.66046511627907,27.480000000000004,11.659999999999997,2.549999999999997,2,,Mexico,True,,6.5,22.866666666666664,16.6,108.6
Bedaffair,Netherlands The,Furniture,70.46883720930234,56.25674418604652,47.883953899285196,0.7199999999999989,12.68,5.890000000000001,7,,Netherlands The,True,,42.7,11.966666666666667,14.6,102.9
FlipGive,Canada,Other info service activities,63.60342156318881,70.82192019483817,56.691652733410045,25.476606869785655,31.25366410918724,14.641770738364492,9,gleif,Canada,True,,5.7,19.900000000000002,18.0,87.4
KAZARÓ,Argentina,Facilities & cleaning services,61.936744186046525,59.35162790697676,46.732093023255814,26.010000000000005,22.040000000000006,2.6599999999999966,8,,Argentina,True,,10.4,15.233333333333334,14.9,87.3
A Better Professional Corporation,United States,Legal activities,55.03885160325601,71.52988874783864,62.89626566886952,13.747786924656012,36.331571782754395,24.508186482491254,2,,United States,True,,7.7,23.866666666666664,15.4,98.6
Summerhill,Canada,Environmental consulting,61.38814417502364,73.1175228285983,59.024295702215866,22.24105280896066,38.159495267383406,19.03297273872154,8,gleif,Canada,True,,30.2,13.566666666666668,16.2,90.1
sterling quality services ltd (SQS),United Kingdom,Other renewable energy installation,62.770609426853895,73.43377738369469,62.87504216682231,23.579010485923206,37.17997670688315,14.892914888554685,4,,United Kingdom,True,,10.5,16.7,17.1,89.1
"Fire Capital Management, LLC",United States,Investment advising,58.51813953488373,64.25488372093024,59.013023255813955,20.760000000000005,29.569999999999993,21.519999999999996,3,,United States,True,,3.5,29.133333333333336,18.2,114.9
"Hawaiian Paddle Sports, LLC",United States,Other recreation,57.87862266473242,69.90608708433354,63.834663526029004,13.52836010244144,24.521636499727705,12.098701774561889,5,,United States,True,,8.9,21.96666666666667,18.8,98.1
WildWash,United Kingdom,Personal care products,63.41302325581396,66.7293023255814,67.66094902228956,23.67,33.370000000000005,23.439853670782256,8,wikidata,United Kingdom,True,,21.7,11.966666666666667,15.7,81.2
Studio Tre SB S.p.A.,Italy,"Other professional, scientific & tech",68.65880081821714,73.0443302667806,61.50777201326942,18.705155800317073,17.86366410918724,4.363804984541822,9,,Italy,True,,8.3,16.0,18.9,83.1
Vestd,United Kingdom,"Other professional, scientific & tech",62.21776664979284,70.75381894504115,61.25633713085109,23.579010485923206,31.160402299120392,20.892914888554685,9,wikidata,United Kingdom,True,,4.6,16.2,18.9,80.1
Tenzing,United Kingdom,Equity investing - Developed Markets,70.74062409108618,66.7293023255814,59.0826669406205,35.14264917116245,33.370000000000005,16.019999999999996,12,gleif,United Kingdom,True,,8.1,22.933333333333334,19.7,101.4
ATREVIA COMUNICACIÓN S.L.U.,Spain,Other info service activities,65.85841445935448,70.12724904347226,59.510699594362016,24.945086863860226,29.51107802897714,18.859803918188923,9,,Spain,True,,9.5,17.033333333333335,18.0,88.5
Fearne and Rosie,United Kingdom,Food products,65.44126062409875,68.90322460686149,58.722969600905046,27.993450509849524,28.62609084092361,22.901406645574397,9,,United Kingdom,True,,9.6,19.5,15.0,93.4
Inntravel Limited,United Kingdom,Travel agency & related,73.31688994217699,68.47348837209303,58.2915444542607,21.15708692063795,28.370000000000005,19.019999999999996,8,gleif,United Kingdom,True,,14.0,18.7,17.7,91.7
